{
  "train_losses": [
    1.7137295370101928,
    1.4482765712738037,
    1.3523206243515014,
    1.2595544977188111,
    1.202028088569641,
    1.1457180995941163,
    1.0827912878990174,
    1.0315692281723023,
    0.9818578639030456,
    0.938339750289917,
    0.9010803599357605,
    0.8636991510391235,
    0.8325270013809204,
    0.8051766333580017,
    0.7662954382896423,
    0.7453976039886474,
    0.718012273311615,
    0.6867978563308715,
    0.6636364622116089,
    0.6459882426261901
  ],
  "train_accuracies": [
    46.95272494993467,
    52.126770622986456,
    54.177857392657046,
    56.09955956144902,
    57.52254108234579,
    58.83675813757018,
    60.43570099043045,
    61.95318056800369,
    63.309108877234145,
    64.60662852620544,
    65.82398271762105,
    67.10614739965102,
    68.40377741030389,
    68.86307441836834,
    70.64652326324558,
    70.97005751903919,
    72.1574808398704,
    73.41012939165478,
    74.1336360862225,
    74.84542460615677
  ],
  "val_losses": [
    1.4806847386062145,
    1.4054214470088482,
    1.2635354101657867,
    1.2131650634109974,
    1.1730264276266098,
    1.114252645522356,
    1.0434120763093233,
    0.9852151516824961,
    0.975088756531477,
    0.9130779318511486,
    0.8748766779899597,
    0.8529328517615795,
    0.826494861394167,
    0.779414277523756,
    0.7803607657551765,
    0.7623596414923668,
    0.7513762004673481,
    0.7305872868746519,
    0.7262027934193611,
    0.7106573414057493
  ],
  "val_accuracies": [
    51.08229565706425,
    52.99901799322333,
    55.064253845095145,
    56.03490976885018,
    57.004385860892526,
    58.50609557793271,
    60.25395530331703,
    62.86168618067834,
    62.642383826414346,
    64.46627703775764,
    66.54896367388014,
    66.2457718319124,
    67.98963206838471,
    70.20947070959096,
    69.39924457884985,
    70.72008539907023,
    70.18760137572028,
    71.79578067996118,
    72.0101676289858,
    71.81132595451331
  ],
  "best_val_loss": 0.7106573414057493
}