{
  "train_losses": [
    2.024717049598694,
    1.6787608194351196,
    1.6140733432769776,
    1.5507675170898438,
    1.5154994010925293,
    1.4865166282653808,
    1.459146695137024,
    1.4219123125076294,
    1.3687127447128296,
    1.3294460725784303,
    1.2904578590393065,
    1.2576087808609009,
    1.2091020154953003,
    1.1839567804336548,
    1.1703367948532104,
    1.1298855829238892,
    1.101623032093048,
    1.0491257834434509,
    1.0256323981285096,
    1.0025392913818358
  ],
  "train_accuracies": [
    43.97818785570702,
    48.595681846729796,
    49.439808491512295,
    50.175607813439335,
    51.59160426146006,
    52.12869953099339,
    54.6289087449013,
    54.11205434360643,
    56.085336872525325,
    56.87513312361282,
    57.870358016267126,
    58.37726052918906,
    59.28089468332694,
    59.9946006307178,
    59.464126815439734,
    61.896999093575396,
    61.29161746396962,
    62.60681645935193,
    63.70443150705634,
    64.39891012617855
  ],
  "val_losses": [
    1.696975554738726,
    1.6471293824059623,
    1.5770710366112846,
    1.5291149616241455,
    1.5093486138752528,
    1.4762189728873116,
    1.4682021822248186,
    1.444813643183027,
    1.4051602057048254,
    1.3604478325162614,
    1.3380587782178606,
    1.313145637512207,
    1.2881557089941842,
    1.2985956498554774,
    1.2663630587714059,
    1.274611507143293,
    1.2356241260256087,
    1.2468295778547014,
    1.2306070838655745,
    1.250935401235308
  ],
  "val_accuracies": [
    48.94185553009083,
    49.61351813452654,
    49.07276850133992,
    50.47936750457758,
    51.0194623303867,
    52.1351085888901,
    51.32727030206022,
    52.4108067469412,
    53.96789018637759,
    55.07281700559012,
    53.99481004523022,
    56.32815550462609,
    57.57507851625498,
    57.22628445317522,
    57.9890622915833,
    57.42665551068912,
    59.49201498781331,
    59.933403664496105,
    58.00567499727163,
    59.7851019195557
  ],
  "best_val_loss": 1.2306070838655745
}