{
  "train_losses": [
    1.7579614329338074,
    1.503708272457123,
    1.4046462478637696,
    1.3266053757667542,
    1.2471662361621856,
    1.1841590161323547,
    1.1183395547866821,
    1.0575700991153718,
    0.9983956432342529,
    0.9353574271202088,
    0.8430082643032074,
    0.7982927076816558,
    0.7452532846927643,
    0.7130772316455841,
    0.6850101952552795,
    0.6532597497701645,
    0.6237949197292327,
    0.5985249586105347,
    0.5707204918861389,
    0.5461330218315125,
    0.5241056309938431,
    0.4988010150194168,
    0.47772475016117094,
    0.4499982681274414,
    0.43247294759750365,
    0.40967986166477205,
    0.395238034427166,
    0.36993891644477844,
    0.35442970019578934,
    0.34074790036678315,
    0.3095002924203873,
    0.30224447399377824,
    0.2870259053111076,
    0.27550738596916197,
    0.26156444746255875,
    0.2496169694662094,
    0.23738934952020646,
    0.2267163019478321,
    0.21748154971003533,
    0.19927551475167274,
    0.20353238847851754,
    0.19222654256224633,
    0.1806462104022503,
    0.17537486831843854,
    0.16627233381569387,
    0.16254886612296104,
    0.14838737645745279,
    0.14984711366891862,
    0.13902790999412537,
    0.1346780062019825,
    0.14624865689873695,
    0.13279873944818973,
    0.12715354505181312,
    0.11198240615427495,
    0.11232449305802583,
    0.1051006363928318,
    0.10815688117593526,
    0.10651795947551727,
    0.10539158335328103,
    0.09851147554069757,
    0.09439381518214941,
    0.09502376720309258,
    0.08921859773993492,
    0.08510555478185415,
    0.09058608145266771,
    0.08535796390473843,
    0.08316073499619961,
    0.08699979359656572,
    0.07729379683732987,
    0.07502001809328794,
    0.07377613330632449,
    0.07127020615339279,
    0.07582880543917417,
    0.07577574085444212,
    0.07850509950518608,
    0.07144762290641665,
    0.06747487054020167,
    0.06362698030844331,
    0.06531231642886996,
    0.07118123867362737,
    0.07263275700435043
  ],
  "train_accuracies": [
    1.8625,
    3.4875,
    4.5,
    6.8375,
    7.825,
    11.075,
    12.55,
    15.4375,
    22.5625,
    27.0125,
    30.625,
    33.625,
    35.9875,
    47.0625,
    39.8875,
    48.1375,
    49.875,
    52.6375,
    58.825,
    60.2125,
    63.2625,
    63.7,
    70.05,
    71.375,
    73.4625,
    76.0625,
    79.35,
    79.65,
    82.8375,
    80.2625,
    84.9125,
    86.9625,
    89.45,
    88.3375,
    89.2375,
    90.3125,
    88.9125,
    92.3,
    92.625,
    94.725,
    92.0125,
    94.8125,
    93.675,
    95.3125,
    96.1875,
    96.5625,
    96.525,
    96.15,
    96.975,
    95.5375,
    96.9375,
    95.475,
    96.9625,
    98.2625,
    97.65,
    96.7625,
    97.5875,
    98.2375,
    97.6875,
    98.4875,
    98.225,
    98.125,
    98.4875,
    98.05,
    97.575,
    98.7375,
    98.5375,
    98.7125,
    98.675,
    98.8125,
    98.075,
    98.8375,
    98.525,
    98.7625,
    98.7125,
    99.2125,
    98.75,
    99.1125,
    98.8125,
    99.0375,
    98.7125
  ],
  "val_losses": [
    1.5326476259231567,
    1.39129620552063,
    1.3101406779289246,
    1.222393494606018,
    1.1410833268165588,
    1.061549150466919,
    1.0211975829601287,
    0.9589340970516205,
    0.8571561653614044,
    0.7824960718154907,
    0.7283164882659912,
    0.6712887570858002,
    0.6404733588695526,
    0.5555017173290253,
    0.5765353885889053,
    0.5122878031730652,
    0.48579862439632415,
    0.4656421669721603,
    0.42079628753662107,
    0.3930547830462456,
    0.36644479137659075,
    0.3627365795373917,
    0.30892713356018064,
    0.3005971176624298,
    0.2724545212984085,
    0.2473718172311783,
    0.22619983318448067,
    0.21355268314480783,
    0.191035438477993,
    0.2006641864478588,
    0.16398840790987015,
    0.14890599954128264,
    0.12835553616285325,
    0.1340897600054741,
    0.12311055126786231,
    0.10878609192371369,
    0.11791832925379277,
    0.09028523068130016,
    0.08706123891472817,
    0.07014939571171999,
    0.08566840921342372,
    0.06610451480001212,
    0.06929300771653653,
    0.056322082079946996,
    0.04972759202122688,
    0.04763307012617588,
    0.0427253181040287,
    0.04612450290843845,
    0.0391309801377356,
    0.04761850167810917,
    0.0381195857450366,
    0.04836125418543816,
    0.03609918998554349,
    0.0246336260009557,
    0.02875275306776166,
    0.03549783102795482,
    0.02840445058606565,
    0.024178676661103963,
    0.025932839995250107,
    0.019510560848750174,
    0.02164014588110149,
    0.02110567502491176,
    0.019343374575488268,
    0.020874172005802393,
    0.023999856729060413,
    0.015927945574745535,
    0.017843200256116687,
    0.016476011916063727,
    0.014920321446377784,
    0.01480791858304292,
    0.01875296732597053,
    0.012687037559226155,
    0.015847021066583693,
    0.013788841205183417,
    0.01601309427060187,
    0.009913847123738379,
    0.013119032035116105,
    0.011578026658389718,
    0.012768757960293442,
    0.010967675069812685,
    0.013257497248239816
  ],
  "val_accuracies": [
    1.8625,
    3.4875,
    4.5,
    6.8375,
    7.825,
    11.075,
    12.55,
    15.4375,
    22.5625,
    27.0125,
    30.625,
    33.625,
    35.9875,
    47.0625,
    39.8875,
    48.1375,
    49.875,
    52.6375,
    58.825,
    60.2125,
    63.2625,
    63.7,
    70.05,
    71.375,
    73.4625,
    76.0625,
    79.35,
    79.65,
    82.8375,
    80.2625,
    84.9125,
    86.9625,
    89.45,
    88.3375,
    89.2375,
    90.3125,
    88.9125,
    92.3,
    92.625,
    94.725,
    92.0125,
    94.8125,
    93.675,
    95.3125,
    96.1875,
    96.5625,
    96.525,
    96.15,
    96.975,
    95.5375,
    96.9375,
    95.475,
    96.9625,
    98.2625,
    97.65,
    96.7625,
    97.5875,
    98.2375,
    97.6875,
    98.4875,
    98.225,
    98.125,
    98.4875,
    98.05,
    97.575,
    98.7375,
    98.5375,
    98.7125,
    98.675,
    98.8125,
    98.075,
    98.8375,
    98.525,
    98.7625,
    98.7125,
    99.2125,
    98.75,
    99.1125,
    98.8125,
    99.0375,
    98.7125
  ],
  "best_val_loss": 0.009913847123738379
}