{
  "train_losses": [
    2.1088098669052124,
    1.7703675937652588,
    1.741434645652771,
    1.7080524253845215,
    1.6461942672729493,
    1.638545160293579,
    1.6003537940979005,
    1.5634999227523805,
    1.5528713083267212,
    1.528643126487732,
    1.488430290222168,
    1.4571247959136964,
    1.4123246479034424,
    1.386524486541748,
    1.3428644990921021,
    1.3003052043914796,
    1.2325521659851075,
    1.2120500087738038,
    1.1744353008270263
  ],
  "train_accuracies": [
    41.056409629215494,
    46.03695116743041,
    45.83987776456468,
    46.481169773756726,
    47.65908270828011,
    46.72126621832163,
    47.85596866383119,
    48.609074600400746,
    49.0193512331297,
    50.003207633948286,
    50.21336885229343,
    51.255683546628454,
    52.12736926782693,
    53.56926643093821,
    54.47578613373185,
    56.43431375043366,
    57.46075875485066,
    59.458830667101466,
    59.164476774986376
  ],
  "val_losses": [
    1.7700617824281966,
    1.7361464159829276,
    1.7377493381500244,
    1.674139414514814,
    1.6456529242651803,
    1.5831182173320226,
    1.5932801451001848,
    1.5774576323372977,
    1.5894133022853307,
    1.5438042027609689,
    1.5438350949968611,
    1.539568270955767,
    1.5489908967699324,
    1.5332016604287284,
    1.5458464792796545,
    1.5364755732672555,
    1.5387180021830968,
    1.5428540195737566,
    1.5624441759926933
  ],
  "val_accuracies": [
    44.65468065378117,
    45.43459387883546,
    46.23092965432274,
    45.22810409554317,
    46.64315762140965,
    47.21201882527515,
    47.02778037394144,
    47.78383599915328,
    47.592534770776176,
    48.861602272913686,
    48.94825281842373,
    50.073746964820906,
    50.75858894628929,
    51.65817529828405,
    52.36164456865255,
    52.461970067734754,
    51.134332147663144,
    53.82552291614048,
    53.88830799128466
  ],
  "best_val_loss": 1.5332016604287284
}