{
  "train_losses": [
    1.7177769889831542,
    1.438197259902954,
    1.3359889793395996,
    1.2375636768341065,
    1.1642315673828125,
    1.1022060904502868,
    1.04545885181427,
    0.9890860657691956,
    0.945251307964325,
    0.9000083951950073,
    0.8634291934967041,
    0.8280696678161621,
    0.7818487362861634,
    0.751655731678009,
    0.7229235410690308,
    0.6987930245399475,
    0.670466724395752,
    0.6423709092140197,
    0.6224825253486633,
    0.5993747570514679
  ],
  "train_accuracies": [
    46.665158081914704,
    51.69624992199972,
    54.13221608951772,
    56.37440546790619,
    57.88405393548716,
    59.26726661540455,
    61.231791409123225,
    62.5966526906572,
    64.12271698566006,
    65.72623912983155,
    67.04542114824089,
    67.98915816787098,
    70.08921884289131,
    71.00349834152048,
    71.97719987887314,
    73.08188884884325,
    73.98468483042491,
    75.16793645537992,
    75.70070654432348,
    77.11579189365305
  ],
  "val_losses": [
    1.4462769702076912,
    1.3150560818612576,
    1.24040537327528,
    1.1775172650814056,
    1.1102329604327679,
    1.0581842046231031,
    0.9770685490220785,
    0.9597467593848705,
    0.9167596753686666,
    0.8569813836365938,
    0.85519197024405,
    0.7931834701448679,
    0.7681421600282192,
    0.7409797180444002,
    0.7257926966995001,
    0.7246222794055939,
    0.6769051868468523,
    0.6841331804171205,
    0.6600182112306356,
    0.6328269215300679
  ],
  "val_accuracies": [
    50.78705149505876,
    54.81815745506402,
    55.69390553469822,
    57.822890648098074,
    59.173696846291165,
    60.36268069563678,
    61.75562420726406,
    63.392340321527044,
    63.8925080302109,
    66.61397103773757,
    66.63024886726772,
    69.13850188036514,
    69.72762425574334,
    71.00510908746963,
    71.0241622992288,
    71.3182394580419,
    73.60068090961609,
    72.42416625369157,
    74.28095447412151,
    75.19624792204053
  ],
  "best_val_loss": 0.6328269215300679
}