{
  "train_losses": [
    2.148186140060425,
    1.8331639051437378,
    1.8047238779067993,
    1.7506495761871337,
    1.7129338550567628,
    1.6992279767990113,
    1.6777571725845337,
    1.652207555770874,
    1.62980242729187,
    1.6099777364730834,
    1.5887579393386841,
    1.5687303972244262,
    1.5345889854431152,
    1.499349970817566,
    1.4915766668319703
  ],
  "train_accuracies": [
    38.07628281864977,
    42.74952169898752,
    44.35713040748037,
    43.88653753312873,
    44.564223482318624,
    44.61497916163966,
    46.10099921952174,
    46.121561309459565,
    46.89798726304304,
    46.74355276040598,
    47.50867789894982,
    48.43665923148326,
    49.106233400562786,
    50.6070549997361,
    50.04553122157168
  ],
  "val_losses": [
    1.8757937805993217,
    1.8143567528043474,
    1.7782713174819946,
    1.7189699751990182,
    1.7000642674309867,
    1.7269131966999598,
    1.684389863695417,
    1.6971624408449446,
    1.689469814300537,
    1.6787725857325964,
    1.6823721613202776,
    1.685712150165013,
    1.6836225134985787,
    1.7077521937234061,
    1.7227325780051095
  ],
  "val_accuracies": [
    42.48563259296434,
    44.503925069430565,
    43.560063923573075,
    45.14371330407228,
    44.76846274146809,
    42.51568049892164,
    45.9389609545422,
    45.48649795891782,
    44.67043554631614,
    45.51814526455839,
    44.51215014481028,
    45.44100748903065,
    45.04612217497537,
    43.28127179890924,
    44.575377635690174
  ],
  "best_val_loss": 1.6787725857325964
}