{
  "train_losses": [
    1.7628920593261719,
    1.525393738269806,
    1.4322682232856752,
    1.3601652522087098,
    1.3025579614639282,
    1.2490272989273072,
    1.1976207242012025,
    1.1520120301246644,
    1.1150637576580047,
    1.0818766634464263,
    1.0481061105728149,
    1.01486883020401,
    0.9828100860118866,
    0.9631805329322815,
    0.9348024048805237,
    0.9078862457275391,
    0.8859257929325104,
    0.8651764922142029,
    0.8392023801803589,
    0.810686335325241,
    0.7918446660041809,
    0.7650879347324371,
    0.741858628988266,
    0.7143735094070435,
    0.6882607702016831,
    0.6651132094860077,
    0.6391292434930801,
    0.6155624966621399,
    0.5955359690189361,
    0.5677566941976547,
    0.5430412764549255,
    0.5269543727636338,
    0.5038409917354584,
    0.4768444491624832,
    0.46348422253131866,
    0.43616348898410795,
    0.41957212591171267,
    0.4029544492959976,
    0.3888971153497696,
    0.36354032522439955,
    0.34545959430933,
    0.3364334067702293,
    0.31324450826644895,
    0.3008210824728012,
    0.2834400377869606,
    0.2744800466299057,
    0.2584033830463886,
    0.24517933607101441,
    0.24391416028141977,
    0.2220684069097042,
    0.21932348760962486,
    0.2087889562547207,
    0.2020851174592972,
    0.19526009398698807,
    0.1879044618308544,
    0.18192026564478875,
    0.17563108867406846,
    0.16099012622237205,
    0.15691613906621932,
    0.15186684873700143,
    0.1496800198107958,
    0.1438399983495474,
    0.14730268943309785,
    0.13205273227393627,
    0.13097425822913647,
    0.1361909500360489,
    0.1269882937222719,
    0.12622934445738793,
    0.11581190022081136,
    0.11642019117623567,
    0.1146758003681898,
    0.11176240066438914,
    0.10458695377409458,
    0.10223160975426436,
    0.10929577520489693,
    0.09846644036471844,
    0.09866911135613918,
    0.09463610205799342,
    0.09248953971266746,
    0.0962286332398653,
    0.09484137551486492,
    0.0931695802435279,
    0.08940743221342563
  ],
  "train_accuracies": [
    1.95,
    3.625,
    4.3,
    5.1875,
    7.1125,
    7.9625,
    9.925,
    11.675,
    12.275,
    13.625,
    14.375,
    19.425,
    19.4875,
    23.2125,
    24.1875,
    27.475,
    27.3125,
    32.45,
    34.1,
    37.325,
    39.0,
    39.9,
    46.525,
    46.6625,
    48.275,
    53.0,
    57.6375,
    60.825,
    61.8375,
    65.7,
    68.325,
    69.575,
    72.925,
    76.1375,
    78.8125,
    80.4375,
    81.8125,
    84.3125,
    85.1,
    85.7,
    87.125,
    89.35,
    90.5375,
    90.8625,
    91.6625,
    93.375,
    92.8625,
    94.25,
    94.8,
    95.4875,
    96.175,
    95.0875,
    95.95,
    96.3125,
    96.7,
    96.925,
    97.875,
    97.475,
    97.8875,
    98.225,
    98.0125,
    98.2625,
    98.0875,
    98.6375,
    98.675,
    98.4625,
    98.6,
    98.7875,
    98.725,
    98.8,
    98.625,
    99.125,
    98.8375,
    98.95,
    99.175,
    99.0375,
    98.9875,
    99.4125,
    99.125,
    99.25,
    98.95,
    99.25,
    99.2375
  ],
  "val_losses": [
    1.5223921403884888,
    1.41503853225708,
    1.345913583278656,
    1.2662061171531678,
    1.2129792275428772,
    1.1575768175125123,
    1.0950279767513276,
    1.0512788553237915,
    1.0160280191898345,
    0.9847372901439667,
    0.9566372365951538,
    0.8925365583896637,
    0.8726716072559356,
    0.8169173228740693,
    0.7975045528411865,
    0.7575687711238861,
    0.7568469648361206,
    0.6990365180969238,
    0.6771037266254425,
    0.645946225643158,
    0.619865763425827,
    0.6048025861978531,
    0.5480879160165787,
    0.536383580327034,
    0.5297674943208694,
    0.4816926834583283,
    0.4402497882843018,
    0.4098341609239578,
    0.398118061542511,
    0.35812623554468154,
    0.3414608234167099,
    0.32176418912410737,
    0.2938347935080528,
    0.2683338859677315,
    0.24748780977725982,
    0.2280297520160675,
    0.21484476721286774,
    0.1923958420753479,
    0.18104435110092162,
    0.1731473448574543,
    0.1595460045039654,
    0.13925659573078156,
    0.12638950335979462,
    0.11736116936802864,
    0.10608434560894967,
    0.09408270655572415,
    0.09301913607120514,
    0.08330049151182174,
    0.07752464729547501,
    0.06737568289786577,
    0.05930028498917818,
    0.06606563977897167,
    0.05682005731761455,
    0.05288103923201561,
    0.0480672962218523,
    0.04572411910444498,
    0.03783348485454917,
    0.037736482452601194,
    0.03250226395204663,
    0.030628640208393336,
    0.03045720875635743,
    0.02950967814400792,
    0.02815667425096035,
    0.02294958536326885,
    0.023555410392582417,
    0.0240919715706259,
    0.021695182716473936,
    0.02148786929808557,
    0.019064729150384666,
    0.017735286766663194,
    0.01946629637107253,
    0.015498570896685123,
    0.016455139689147472,
    0.015521583264693618,
    0.013503168105147779,
    0.014963499152101576,
    0.014463918196968734,
    0.01000552063435316,
    0.012521080443635584,
    0.013079574798233807,
    0.013030766636133194,
    0.011134905772283673,
    0.010990510690491647
  ],
  "val_accuracies": [
    1.95,
    3.625,
    4.3,
    5.1875,
    7.1125,
    7.9625,
    9.925,
    11.675,
    12.275,
    13.625,
    14.375,
    19.425,
    19.4875,
    23.2125,
    24.1875,
    27.475,
    27.3125,
    32.45,
    34.1,
    37.325,
    39.0,
    39.9,
    46.525,
    46.6625,
    48.275,
    53.0,
    57.6375,
    60.825,
    61.8375,
    65.7,
    68.325,
    69.575,
    72.925,
    76.1375,
    78.8125,
    80.4375,
    81.8125,
    84.3125,
    85.1,
    85.7,
    87.125,
    89.35,
    90.5375,
    90.8625,
    91.6625,
    93.375,
    92.8625,
    94.25,
    94.8,
    95.4875,
    96.175,
    95.0875,
    95.95,
    96.3125,
    96.7,
    96.925,
    97.875,
    97.475,
    97.8875,
    98.225,
    98.0125,
    98.2625,
    98.0875,
    98.6375,
    98.675,
    98.4625,
    98.6,
    98.7875,
    98.725,
    98.8,
    98.625,
    99.125,
    98.8375,
    98.95,
    99.175,
    99.0375,
    98.9875,
    99.4125,
    99.125,
    99.25,
    98.95,
    99.25,
    99.2375
  ],
  "best_val_loss": 0.01000552063435316
}