{
  "train_losses": [
    1.7549992847442626,
    1.4972052869796753,
    1.3967392177581788,
    1.317920081138611,
    1.2525134487152099,
    1.208328360557556,
    1.154349585533142,
    1.1042373895645141,
    1.0602931146621704,
    1.0184334740638732,
    0.971185185432434,
    0.9300028796195984,
    0.8906775469779968,
    0.8605906286239624,
    0.8140908389091491,
    0.7852566237449646,
    0.7523161239624023,
    0.7221562304496765,
    0.6998040013313294,
    0.6731656589508057
  ],
  "train_accuracies": [
    46.06802745315018,
    51.05468890743217,
    53.74396134962964,
    55.34657337468209,
    56.70868528578652,
    57.766673110327,
    59.03179363077101,
    60.66395218836971,
    61.4804784050442,
    62.4465009687717,
    64.79725855201123,
    65.40002448005646,
    66.86564497548132,
    68.16633020759177,
    69.06844734472885,
    70.20891656851929,
    71.70167741058174,
    72.54451820050166,
    73.2858153118219,
    74.38349430428654
  ],
  "val_losses": [
    1.5033042505383492,
    1.3956092409789562,
    1.3021001368761063,
    1.2748831510543823,
    1.2137319780886173,
    1.1776108033955097,
    1.1296363584697247,
    1.0898381099104881,
    1.0382227133959532,
    1.0041275303810835,
    0.9758798498660326,
    0.9388266671448946,
    0.9487073253840208,
    0.9259042050689459,
    0.8719840049743652,
    0.8883194252848625,
    0.8638386223465204,
    0.8552922829985619,
    0.8319038469344378,
    0.8227907922118902
  ],
  "val_accuracies": [
    50.942093536415854,
    53.66369558252749,
    55.6150937622911,
    56.40355272021655,
    57.568994633276894,
    58.72115749380329,
    59.597085618222884,
    59.649675238814226,
    62.10378222360909,
    62.542085884877935,
    63.40692819200358,
    65.17220102519462,
    63.51399473094661,
    64.23003449345443,
    67.18729643226537,
    66.52043817239053,
    66.81163525147318,
    66.94261118590084,
    67.5279162090115,
    68.4353823152487
  ],
  "best_val_loss": 0.8227907922118902
}